Lecteur DJ/tourne-disque;DJ Mixers;DJ Controller;All-in-one-DJ-Systeme;Haut-parleurs de controle;Appareil a Effets DJ;Ecouteurs;Accesoires;Baffle;Dj Controllern;Player;Mixers;Platines vinyles;Cartouches;Accessoires
CDJ-1000;DJM-1000;DDJ-1000;XDJ-AERO;DM-40;EFX-1000;DJE-1500-K;5012N;XPRS 10;Mixstream Pro Go;Mixdeck Express;Scratch;PT01 Scratch;CS-1;Laptop Stand Pro
CDJ-1000MK2;DJM-2000;DDJ-1000-OW;XDJ-AERO-W;DM-40BT;EFX-500;DJE-1500-W;5013N;XPRS 115S;Mixstream Pro +;NDX500;M2;PT01 Touring;CS-1RS;
CDJ-1000MK3;DJM-2000NXS;DDJ-400;XDJ-R1;DM-40BT-W;EFX-500-R;DJE-2000-K;5014N;XPRS 12;NS4FX;MP103USB;M4;PT01 USB;CC-1;
CDJ-100S;DJM-250-K;DDJ-ERGO-K;XDJ-RX;DM-40D;RMX-1000-M;DJE-2000-W;5015N;XPRS 15;Mixstream Pro;Excludes USA;M6 USB;;CC-1RS;
CDJ-200;DJM-300;DDJ-ERGO-V;XDJ-RX2;DM-40-W;RMX-1000-W;HDJ-1000;CVR-XPRS10;XPRS 215S;Party Mix Live;MP103USB;M101;;GrooveTool;
CDJ-2000;DJM-3000;DDJ-FLX6;;RM-05;RMX-500;HDJ-1000-N;DAS-DGC020R;;Party Mix II;CDN77USB;M101USB;;GrooveTool RS;
CDJ-2000NXS;DJM-300-S;DDJ-RB;;RM-07;;HDJ-1000-S;DAS-RCA020R;;Mixtrack Pro FX;;C3USB;;;
CDJ-2000NXS2;DJM-350;DDJ-RR;;S-DJ05;;HDJ-1500-K;DAS-XLR030R;;Mixtrack Platinum FX;;;;;
CDJ-2000NXS2-W;DJM-350;DDJ-RX;;S-DJ05-W;;HDJ-1500-N;DDJ-ERGO-BAG;;DJ2GO2 Touch;;;;;
CDJ-2000NXS-M;DJM-400;DDJ-RZ;;S-DJ08;;HDJ-1500-S;DJC-2CHM;;NS6II;;;;;
CDJ-2000-W;DJM-500;DDJ-RZX;;S-DJ50X;;HDJ-1500-W;DJC-NXS2 BAG;;Party Mix;;;;;
CDJ-350;DJM-5000;DDJ-S1;;S-DJ50X-W;;HDJ-2000;DJC-R BAG;;NVII;;;;;
CDJ-400;DJM-600;DDJ-SB;;S-DJ60X;;HDJ-2000-K;DJC-S9 BAG;;US Only;;;;;
CDJ-500II;DJM-700;DDJ-SB2;;;;HDJ-2000MK2-K;DJC-SC1;;Mixdeck Express;;;;;
CDJ-500S;DJM-700-S;DDJ-SB3;;;;HDJ-2000MK2-S;DJC-SC2;;Mixstream Pro Go;;;;;
CDJ-800;DJM-707;DDJ-SB-L;;;;HDJ-2000-W;DJC-SC3;;Mixstream Pro +;;;;;
CDJ-800MK2;DJM-750-K;DDJ-SB-R;;;;HDJ-500-G;DJC-SC5;;Mixstream Pro;;;;;
CDJ-850-K;DJM-750-S;DDJ-SB-S;;;;HDJ-500-K;DJC-TSP16 BAG;;NS7;;;;;
CDJ-900;DJM-800;DDJ-SP1;;;;HDJ-500-R;DJC-WeCAi;;;;;;;
CDJ-900NXS;DJM-850-K;DDJ-SR;;;;HDJ-500T;DJC-WeCAi30;;;;;;;
CDJ-TOUR1;DJM-850-S;DDJ-SR2;;;;HDJ-500-V;DJM900NXS2-ADAPTER;;;;;;;
CMX-3000;DJM-850-W;DDJ-SX;;;;HDJ-500-W;DJRC-V10;;;;;;;
CMX-5000;DJM-900NXS;DDJ-SX2;;;;HDJ-700-K;DJS;;;;;;;
DMP-555;DJM-900NXS2;DDJ-SX3;;;;HDJ-700-N;FLT-2000NXS2;;;;;;;
DVJ-1000;DJM-900NXS-M;DDJ-SX-W;;;;HDJ-700-R;FLT-CDJTOUR1;;;;;;;
DVJ-X1;DJM-900SRT;DDJ-SZ;;;;HDJ-700-W;FLT-DJMTOUR1;;;;;;;
PLX-1000-N;DJM-909;DDJ-SZ2;;;;HDJ-C70;FLT-DJMV10;;;;;;;
XDJ-1000;DJM-S11-SE;DDJ-SZ-N;;;;HDJ-S7-K;FLT-XDJRX;;;;;;;
;DJM-S3;DDJ-T1;;;;HDJ-S7-W;FLT-XDJRX2;;;;;;;
;DJM-S9;DDJ-WeGO2-K;;;;HDJ-X10 C;HC-CA0101;;;;;;;
;DJM-S9-N;DDJ-WeGO2-R;;;;HRM-5;HC-CA0102;;;;;;;
;DJM-S9-S;DDJ-WeGO2-W;;;;HRM-6;HC-CA0201;;;;;;;
;DJM-T1;DDJ-WeGO3-K;;;;SE-DJ5000;HC-EP0101;;;;;;;
;DJM-TOUR1;DDJ-WeGO3-R;;;;;HDJ-HC01;;;;;;;
;SVM-1000;DDJ-WeGO3-W;;;;;PRO-1000FLT;;;;;;;
;DJM-S5;DDJ-WeGO4-K;;;;;PRO-2000FLT;;;;;;;
;;DDJ-WeGO4-W;;;;;PRO-2200FLT;;;;;;;
;;DDJ-WeGO-G;;;;;PRO-250FLT;;;;;;;
;;DDJ-WeGO-K;;;;;PRO-2600FLT;;;;;;;
;;DDJ-WeGO-R;;;;;PRO-3000FLT;;;;;;;
;;DDJ-WeGO-V;;;;;PRO-350FLT;;;;;;;
;;DDJ-WeGO-W;;;;;PRO-420-FLT;;;;;;;
;;DDJ-XP1;;;;;PRO-440FLT;;;;;;;
;;SEP-C1;;;;;PRO-550FLT;;;;;;;
;;;;;;;PRO-770FLT;;;;;;;
;;;;;;;PRO-800FLT;;;;;;;
;;;;;;;PRO-900FLT;;;;;;;
;;;;;;;PRO-900NXSFLT;;;;;;;
;;;;;;;PRO-DDJSXFLT;;;;;;;
;;;;;;;PRO-DDJSZFLT;;;;;;;
;;;;;;;PRODJ-1000-PLATE2;;;;;;;
;;;;;;;PRODJ-2000NXS2-PLA2;;;;;;;
;;;;;;;PRODJ-2000-PLATE2;;;;;;;
;;;;;;;PRODJ-800-PLATE2;;;;;;;
;;;;;;;PRODJ-900NXS-PLATE2;;;;;;;
;;;;;;;PRODJ-900-PLATE2;;;;;;;
;;;;;;;PRODJ-Bracket2;;;;;;;
;;;;;;;PRODJ-DVJ1000PLATE;;;;;;;
;;;;;;;PRODJ-EFX1000-PLA2;;;;;;;
;;;;;;;PRODJ-EFX-PLATE;;;;;;;
;;;;;;;PRODJ-RMXBAG;;;;;;;
;;;;;;;PRODJ-XDJ1000PLA2;;;;;;;
;;;;;;;PRO-PLX1000FLT;;;;;;;
;;;;;;;RMX-1000-STAND;;;;;;;
;;;;;;;S-FL1;;;;;;;
;;;;;;;T-U101;;;;;;;
;;;;;;;VSW-1;;;;;;;
